title,count
Head Women's Basketball Coach,1117
Assistant Women's Basketball Coach,308
Graduate Assistant Coach,162
Coach,77
Assistant Men's Basketball Coach,64
Head Girls' Basketball Coach,51
Head Men's Basketball Coach,44
Head Basketball Coach,36
Assistant Basketball Coach,33
Head Girls Basketball Coach,33
Assistant Strength and Conditioning Coach,26
Strength and Conditioning Coach,23
Player Development Coach,18
AAU Coach,17
Head Boys Basketball Coach,16
Graduate Assistant Women's Basketball Coach,15
Assistant Head Coach,14
Head Boys' Basketball Coach,14
Basketball Coach,13
Interim Head Women's Basketball Coach,13
Associate Coach,13
Assistant Women's Basketball Coach/Recruiting Coordinator,11
Assistant Boys' Basketball Coach,11
Head Girls' Varsity Basketball Coach,11
Head Softball Coach,9
Strength & Conditioning Coach,8
Assistant Boys Basketball Coach,7
Assistant Strength & Conditioning Coach,7
Head Strength and Conditioning Coach,6
Assistant Girls Basketball Coach,6
Student Coach,5
Head Strength & Conditioning Coach,5
Boys Basketball Coach,5
Head Boy's Basketball Coach,5
Assistant Varsity Coach,5
Head Girls Varsity Basketball Coach,5
Interim Head Men's Basketball Coach,4
Coaching Intern,4
Prep Basketball Coach,4
Head Girl's Basketball Coach,4
Volleyball Coach,4
Head Varsity Girls Basketball Coach,4
Head Varsity Girls' Basketball Coach,4
Coaching Staff,4
Varsity Girls' Basketball Coach,4
High School Basketball Coach,4
Coach/Trainer,4
"Graduate Assistant Coach, Men's Basketball",4
Head Volleyball Coach,4
Assistant Sports Performance Coach,4
Varsity Girls Basketball Coach,3
Head Assistant Women's Basketball Coach,3
Assistant Volleyball Coach,3
Graduate Assistant Strength and Conditioning Coach,3
Men's Assistant Basketball Coach,3
Girls Basketball Coach,3
"Strength & Conditioning Coach, Women's Basketball",3
Head Varsity Basketball Coach,3
Girls' Basketball Coach,3
Head Varsity Coach,3
Head Girls Coach,3
Assistant Softball Coach,3
Undergraduate Assistant Coach,3
Girl's Basketball and Softball Coach,3
Junior Varsity Basketball Coach,2
Boys' Coach,2
Associate Coach/Recruiting Coordinator,2
Head Women's Basketball Coach/Senior Woman Administrator,2
Head Women's Golf Coach,2
Head Varsity Coach/Program Director,2
Head Men's Golf Coach,2
Sports Performance Coach,2
Assistant Women's Varsity Coach,2
Head Junior Varsity Coach/Assistant Varsity Coach,2
Assistant Women's Basketball Coach / Recruiting Coordinator,2
Head Junior Varsity Men's Basketball Coach,2
Head Cross Country Coach,2
Softball Coach,2
Assistant Varsity Girls' Basketball Coach,2
Head Girls Junior Varsity Basketball Coach,2
Women's Basketball Coach,2
Head Women's Varsity Basketball Coach,2
Assistant Boy's Basketball Coach,2
Athletic Director/Head Boys Basketball Coach/Head Girls Basketball Coach,2
Boys' Varsity Basketball Coach,2
Head Women's Basketball Coach/Assistant Athletic Director,2
Assistant Girls' Basketball Coach,2
Assistant Varsity Coach/Head Junior Varsity Coach,2
Assistant Women's Basketball Coach - West Michigan Recruiter,2
High School Boys Basketball Coach,2
Mental Performance Coach,2
Associate Women's Basketball Coach,2
Boys' Basketball Coach,2
Women's Golf Coach,2
Assistant Varsity Football Coach,2
Graduate Student Coach,2
Assistant Varsity Girls Basketball Coach,2
Graduate Assistant Men's Basketball Coach,2
Student Assistant Men's Basketball Coach,2
Head Varsity Softball Coach,2
Varsity Basketball Coach,2
Youth Basketball Coach,2
Assistant Strength Coach,2
Golf Coach,2
Camp Coach,2
Assistant Women's Basketball Coach/Head JV Coach,2
Associate Strength and Conditioning Coach,2
Strength Coach,2
Head Basketball Sports Performance Coach,2
Head Varsity Boys Basketball Coach,2
Girls' Varsity Basketball Coach,2
Girls' Basketball Coach/Player Development Trainer,2
Assistant Boys' Varsity Basketball Coach,2
Assistant Baseball Coach,2
Assistant Varsity Coach/Assistant Track and Field Coach,2
Assistant Boys Coach,2
Assistant Women's Basketball Coach/Director of Operations,2
Director of Coaching,1
Head Varsity Football Coach,1
Youth Coach and Camp Director,1
Skills Development Coach,1
Head Girls' Varsity Softball Coach,1
Head Girls' Tennis Coach,1
"Coach, JC Squad",1
"AAU Coach, U15 and U16",1
Head Women's Basketball Coach/Coordinator of Internal Operations,1
"Head Girls Basketball Coach, Athletic Director, Physical Education Teacher",1
Head Junior High Girls Basketball Coach,1
"Assistant Soccer Coach, Men's and Women's Programs",1
Head Varsity Girls Soccer Coach,1
Physical Education Teacher/Girls Basketball Coach/Softball Coach/Gymnastics Coach,1
Head JV Girls' Basketball Coach/Assistant Varsity Girls' Basketball Coach,1
Assistant Varsity Boys Basketball Coach,1
Head Freshman Girls Basketball Coach,1
Head Boy's Golf Coach,1
Head Junior Varsity Girls Basketball Coach,1
Head Boys Varsity Basketball Coach,1
Assistant Junior Varsity Baseball Coach,1
"Instructional Coach, Shoot The Lights Out Summer Camp",1
Assistant Women's Basketball Coach/Director of Player Development,1
Head Men's and Women's Golf Coach,1
Basketball Coach/Softball Coach/English Teacher,1
Assistant Middle School Basketball Coach,1
Coach and Event Coordinator,1
Boys' and Girls' Basketball Coach/Athletic Director,1
"Lead Trainer/Coach, Co-Director of TEAM Warwick AAU",1
Women's Basketball Coaching Assistant,1
Head Women's JV Coach,1
Lead Instructor & Coach,1
Director of Basketball Operations/Assistant Basketball Coach,1
Head Basketball Coach and Assistant Athletic Director of Student-Athlete Support,1
Head Girls Junior Varsity Coach,1
Head Women's Basketball Coach / Director of Compliance,1
"Assistant Director/Lead Coach, Women's Basketball Camp",1
Tennis Coach,1
"Lead Coach, Individual Camp",1
J. Ira and Nicki Harris Family Head Women's Basketball Coach,1
Co-Founder/Coach,1
Eighth Grade Boys' Head Basketball Coach,1
Head Women's Basketball Coach / Senior Woman Administrator / Deputy Title IX Coordinator,1
Girls' Varsity Coach,1
Coach and Owner,1
General Manager/Head Strength and Conditioning Coach,1
JV Coach,1
Co-Founder/AAU Coach,1
SWA / Head Women's Basketball Coach,1
Jr. NBA Coach,1
Janet E. & Barry C. Burkholder Family Head Women's Basketball Coach,1
Varsity Boys' Basketball Coach/Athletic Director,1
Summer League Coach,1
Assistant Women's Basketball Coach/Head Softball Coach,1
"Coach/Manager, After-School Program",1
Head Women's Basketball Coach/Assistant Athletic Director/Assistant Men's Basketball Coach,1
Coach/Teacher,1
Assistant Women's Basketball Coach/Head Volleyball Coach,1
Youth and High School Club Coach,1
AAU Girls Basketball Coach,1
Assistant Softball Coach/Coordinator of Fitness Center,1
Sports Performance Coaching Assistant,1
Girls' Academy Varsity Basketball Coach,1
Assistant Girls Basketball Coach/Business Teacher,1
Women's Basketball Strength and Conditioning Coach,1
Head Field Hockey Coach,1
Athletic Administrator/Basketball Coach,1
Head Cross Country Coach/Assistant Basketball Coach/Assistant Track Coach,1
Basketball Coach/Mentor,1
Men's JV Basketball Coach,1
Head Junior Varsity Boys Coach/Assistant Varsity Boys Coach,1
Club Coach,1
Head Women's Volleyball Coach,1
Senior Woman Administrator/Head Women's Basketball Coach,1
Intramural Sports Coordinator/Club Coach,1
Head Girls Basketball Coach/Business Teacher,1
Coaching Video Coordinator,1
High School Coach,1
Assistant JV and Varsity Girls Basketball Coach,1
Graduate Assistant Coach - Men's Basketball,1
Assistant Athletic Director/Head Girls Basketball Coach/Head Track Coach/Math Teacher,1
Director of Girls' Basketball/Player Development Coach,1
Coordinator of Recruiting Operations and Skill Development Coach,1
Assistant Basketball and Baseball Coach,1
Club Basketball Coach,1
Graduate Assistant Strength & Conditioning Coach,1
Head Student Assistant Men's Basketball Coach,1
Assistant Basketball Coach/Assistant Strength and Conditioning Coach,1
Player Development Coach/Assistant Recruiting Coordinator,1
Assistant Boys' Basketball Coach/Head Tennis Coach,1
Basketball Coach/Lacrosse Coach/Learning Specialist,1
Graduate Assistant Coach and Video Coordinator,1
Graduate Coaching Intern,1
Basketball Coach/Classroom Assistant,1
Women's Tennis Coach,1
Basketball Strength & Conditioning Coach,1
Director of Athletics/Head Men's Basketball Coach,1
Assistant Women's Basketball Coach/Recruiting and Scouting Director,1
Ellen Kreighbaum Women's Head Basketball Coach,1
Associate Sports Performance Coach,1
Under-19 Team Coach,1
Freshman Girls' Basketball Coach,1
Coaching Internship,1
Head Women's Basketball Coach/Athletic Director,1
Women's Basketball Graduate Assistant Coach,1
Head Women's Basketball and Volleyball Coach,1
Coach/Camp Coordinator,1
Graduate Assistant Coach (Men's),1
Head Varsity Soccer Coach/Assistant Varsity Basketball Coach/English Teacher,1
Assistant Football Coach,1
Head Varsity Basketball Coach/Assistant Varsity Soccer Coach/Upper School English Teacher/Dean of the Class of 2024,1
Men's Basketball Coach,1
The Michael Price Family UCLA Women's Head Basketball Coach,1
Men's Basketball Student-Coach,1
Girls' Head Basketball Coach,1
U-18 Women's National Team Coach,1
Part-time Assistant Women's Basketball Coach,1
Junior Varsity Coach,1
Men's Junior Varsity Basketball Coach,1
Community Coach,1
Pro Day Intern Coach,1
"Lecturer, Department of Health, Human Performance, Recreation and Coaching",1
Assistant Women's Basketball Coach/Assistant Sports Information Director,1
Girl's Basketball Coach and Strength and Conditioning Coach,1
Coach and Director,1
Graduate Assistant Coach/Video Coordinator,1
Head Cross-Country Coach,1
Summer Program Coach,1
Coaching Assistant,1
Assistant Strength and Conditioning Coach (Women's Basketball & Women's Golf),1
Linda M. LeMura Endowed Head Women's Basketball Coach,1
Head Women's Lacrosse Coach,1
Head Girls Basketball Coach/Student Teacher,1
Chemistry Teacher/Assistant Girls Basketball Coach,1
Basketball Development Program Founder/Coach,1
Assistant Golf Coach,1
Athletic Director/Volleyball Coach/Basketball Coach,1
Graduate Assistant Coach/Director of Operations/Academic Coach,1
"Graduate Assistant Coach, Basketball and Baseball",1
"Head Junior Varsity Coach, Men's Basketball",1
Minor League Strength and Conditioning Coach,1
Head Men's Basketball Coach/Athletic Director,1
Head Freshman Coach/Assistant Varsity Coach,1
Head Junior Varsity Coach,1
"Head Boys' Basketball Coach, Head Girls' Basketball Coach, Head Track Coach, Head Golf Coach, Defensive Coordinator Football",1
"Head Boys' Basketball Coach, Head Girls' Basketball Coach, Teacher",1
Counselor and Coach,1
Athletic Performance Coach (WBK),1
Head Strength Coach,1
Graduate Strength Coach/Sport Science Coordinator,1
"Head Strength & Conditioning Coach (Women's Basketball, Women's Tennis)",1
Graduate Assistant Coach Women's Basketball,1
Assistant Women's Coach,1
Freshman and Varsity Basketball Coach,1
Head Women's Basketball Coach/Head Softball Coach/Assistant Director of Athletics,1
Math Teacher / Girls' Basketball Coach,1
Varsity and Junior Varsity Coach,1
Men's Basketball Strength and Conditioning Coach,1
Athletic Performance Coach,1
Assistant Athletic Performance Coach (WBB),1
Executive Assistant to the Coaching Staff and Program Operations,1
Head Girls' Basketball Coach/Physical Education Teacher,1
Head Boys Varsity Basketball Coach/Dean of Admissions,1
"Strength and Conditioning Coach, Women's Basketball",1
Program Founder/Coach,1
Student Assistant/Graduate Assistant Strength and Conditioning Coach,1
Assistant Performance Coach,1
Football Strength & Conditioning Coach,1
Assistant Volleyball Coach/Head Softball Coach,1
Suzie Glazer Burt Head Women's Basketball Coach,1
Head Middle School Girls Coach/Assistant Athletic Director,1
"Coach, U19 Men's and Women's Team Training Camps",1
Associate Coach of Player Development,1
AAU Youth Academy Coach,1
Assistant Women's Basketball Coach / Video Coordinator,1
Head Women's Basketball Coach/Senior Women's Administrator,1
Sports Performance Coach (Women's Basketball & Women's Soccer),1
Freshman Girls Basketball Coach,1
Varsity Girls Basketball Coach/Assistant Athletic Director/Physical Education Department Chair/Sports Information Director,1
Perimeter Coach,1
Junior Varsity/Varsity Coach,1
Director of Basketball Operations/Graduate Assistant Coach,1
Sports Performance Coach - Women's Basketball,1
Assistant Player Development Coach,1
Head Women's Tennis Coach,1
Head Men's Tennis Coach,1
"Head Girls' Basketball Coach, Head Girls' Tennis Coach, Girls' Athletic Director",1
Recruiting Coordinator/Guard Coach,1
Assistant Women's Basketball Coach and Director of Basketball Operations,1
Player Development Coach/Video Coordinator,1
Head Women's Basketball Coach/Athletics Compliance Officer,1
Head Boys' and Girls' Basketball Coach,1
JV Girls' Basketball Coach,1
Head Women's Volleyball Coach/Assistant Women's Basketball Coach/Assistant Softball Coach,1
Head Women's Basketball Coach/Sports Information Director,1
Assistant Men's Soccer Coach (Goalkeepers),1
Strength and Conditioning Coach/Assistant Baseball Coach,1
Owner/Fitness Coach,1
Assistant Strength Coach - Women's Basketball,1
Assistant Head Coach (Recruiting),1
Interim Strength and Conditioning Coach,1
"Assistant Strength and Conditioning Coach, Women's Basketball",1
Training Camp Coach,1
Strength and Conditioning Coaching Assistant,1
Head Girls Basketball Coach/Head Softball Coach/Assistant Football Coach,1
"Head Strength and Conditioning Coach, Women's Basketball",1
Strength/Athletic Development Coach/Head Athletic Trainer,1
Performance Coach,1
Senior Performance Coach,1
Performance Coach/Sport Scientist,1
Coaching Associate / Advanced Scout,1
Assistant Women's Basketball Coach / Senior Director of Scouting and Analytics,1
Shooting Coach,1
Graduate Assistant Strength Coach,1
Physical Education Director and Head Strength and Conditioning Coach,1
"Assistant Women's Basketball Coach, Assistant Director of Game Management, Admissions Liaison, Director of Varsity Weight Program",1
"Head Women's Basketball Coach, Head Women's Soccer Coach, Assistant Athletic Director",1
"Head Women's Basketball Coach, Head Women's Soccer Coach, Associate Athletic Director",1
"Head Women's Basketball Coach, Associate Athletic Director and Senior Women's Administrator",1
Assistant Women's Basketball Coach/Co-Head Strength and Conditioning Coach,1
Assistant Women's Basketball Coach/Assistant Strength and Conditioning Coach/Assistant SID,1
Freshman Boys Basketball Coach,1
Eighth-Grade Boys Basketball Coach,1
Varsity Boys Basketball Coach,1
Head Girls' Basketball Coach/Director of Basketball Operations,1
Intern Assistant Women's Basketball Coach,1
Head Women's Basketball Coach/Senior Woman Administrator/Title IX Coordinator/Assistant Athletic Director,1
Assistant A.D. for Compliance/Assistant Women's Basketball Coach,1
Head Girls Varsity Coach,1
Coach/Paralegal,1
Graduate Assistant Basketball Coach,1
Assistant Boys' Basketball Coach/Assistant Football Coach,1
Assistant Boys' Basketball Coach/Head Junior Varsity Baseball Coach/Assistant Varsity Baseball Coach/Head Junior High Football Coach,1
Basketball Coach / Social Media Director,1
"Assistant Guest Coach, Summer League",1
Head Freshman Basketball Coach,1
Assistant Girls Basketball and Track Coach,1
Academic Coach,1
Skill Development Coach,1
Head Boys and Girls Basketball Coach,1
Head Women's Basketball Coach/Head Strength and Conditioning Coach,1
Assistant Boys Basketball Coach/Director of Player Development & Analytics,1
Assistant Women's AAU Basketball Coach,1
Working Group for Youth Development Coaching Curriculum,1
Men's & Women's 3x3 National Championship Coach Advisor,1
Head Sophomore Coach/Assistant Varsity Coach,1
Head JV Men's Basketball Coach,1
Assistant Strength & Conditioning Coach/Graduate Assistant Coach,1
Head Assistant Men's Basketball Coach,1
Athletic Director/Head Women's Basketball Coach,1
Assistant Varsity Girls Coach,1
Head Women's Basketball Coach/Special Education Teacher,1
Undergraduate Coach,1
Head Varsity Girls Basketball Coach/K-12 Physical Education Teacher/Athletic Director,1
Women's Head Assistant Basketball Coach,1
Explosive Performance and Player Development Coach,1
Marketing & Community Engagement Manager and Camp Coach,1
Football Coach,1
Sports Information Director/Cross Country Coach/Assistant Basketball Coach,1
Head Assistant Varsity Basketball Coach,1
Assistant Women's Basketball Coach/Resident Director/Intramural Coordinator,1
Head Baseball Coach,1
Head Football Coach,1
"Special Assistant to the Coaching Staff, Men's Basketball",1
Head Women's Basketball Coach & Senior Women's Administrator,1
Assistant Women's Basketball Coach/Recruiting Operations,1
Boy's High School Basketball Coach,1
Co-Director/Coach,1
Head Basketball Coach/Head Cross Country Coach/Head Track Coach,1
Student Assistant Strength and Conditioning Coach,1
Sports Performance Coach for Women's Basketball,1
Assistant Women's Basketball Coach / Director of Operations,1
Assistant Women's Basketball Coach / Director of Player Development,1
Top Assistant Women's Basketball Coach,1
"Coach, Math Teacher, Special Education Teacher",1
AAU and High School Soccer Coach,1
Head Women's Basketball Coach/Athletics Director,1
Head JV Coach/Assistant Varsity Basketball Coach,1
The Tara VanDerveer Assistant Women's Basketball Coach,1
The Peiros Family Assistant Women's Basketball Coach,1
Head Strength Coach for Women's Athletics,1
"Assistant Strength Coach, Women's Basketball",1
Athletic Director and Head Girls' Basketball Coach,1
Science Teacher / Coach,1
Science Teacher / Basketball Coach,1
Science Teacher / Girls Basketball Coach,1
Head Women's Basketball Coach / Sports Coordinator,1
Head Junior Varsity Coach/Recruiting/Player Development/Scouting,1
Assistant Men's and Women's Track & Field and Cross Country Coach,1
Head Women's Cross Country Coach,1
Sports Performance Coach/Director of Operations (WBB),1
Head Girl's Basketball Coach/Head Track Coach,1
Head Track Coach/Assistant Girl's Basketball Coach,1
"Director of Recreation, Intramurals, and Facilities/Assistant Women's Basketball Coach",1
Head Men's Basketball Coach (U17),1
Assistant Men's Basketball Coach/Assistant Director of Career Services,1
"Athletic Director, Head Women's Basketball Coach",1
Assistant Strength and Conditioning Coach/Internship Director,1
Co-President/Head Trainer/Coach,1
Assistant Coach/Graduate Assistant,1
Head JV Coach,1
Associate Coach-Player Relations,1
Women's Basketball Coaching Video Coordinator,1
Video Coordinator/Scout Team Advisor/Community Service Liaison/Interim Recruiting Coach,1
Scout/Court Coach,1
Head Women's Basketball Coach/Director of Basketball Operations,1
Assistant Men's Basketball Coach/Recruiting Coordinator,1
"Assistant Strength and Conditioning Coach, Men's Basketball",1
Assistant Women's Basketball Coach & Recruiting Coordinator,1
Graduate Assistant Coach/Director of Basketball Operations,1
Assistant Varsity Coach/Head JV Coach,1
AAU Basketball Coach/Personal Trainer,1
Head Freshman Coach / Assistant Varsity Coach,1
Associate Men's Basketball Coach,1
Head Girls' Basketball Coach (High School and Middle School),1
Interim Assistant Strength and Conditioning Coach,1
Head Boys Basketball Coach/Director of Athletics,1
Graduate Assistant Coach and Director of Operations,1
Graduate Assistant/Player Development Coach,1
Teacher and Basketball Coach,1
Associate Coach / Director of Culture Development,1
Associate Coach / Recruiting Coordinator,1
Associate Coach / Offensive Coordinator,1
Coaching Associate,1
Head U-17 Women's Basketball Coach,1
AAU Basketball Coach,1
Graduate Assistant Coach/Digital Media Assistant,1
Head Varsity Women's Basketball Coach,1
Coach and Leadership Trainer,1
Head Varsity Girls Coach,1
